Workbook

Sheet vkurse_names
A1: название мероприятия
A2: Название вебинара

Sheet vkurse_chat
A1: ссылка на мероприятие (старый интерфейс)
A2: https://edu.vkurse.ru/?forcedV1=true#conference_record:b1b1b1b1-b1b1-b1b1-1a1a-1a1a1a1a1a

Sheet vkurse_stats
A1: ссылка на мероприятие (новый интерфейс)
A2: https://edu.vkurse.ru/v2/iva/home/conferences?conferenceSessionOpenMode=PIP&conferenceItemId=b1b1b1b1-b1b1-b1b1-1a1a-1a1a1a1a1a &conferenceItem_conferenceSessionId=b1b1b1b1-b1b1-b1b1-1a1a-1a1a1a1a1a

Sheet conferencesessionid
A1: ids_links (новый интерфейс) | B1: conferenceSessionId+token | C1: conferenceSessionId | D1: link new1 | E1: link new2 | F1: link old1 | G1: ids_links (старый интерфейс) | H1: ids_links (новый интерфейс)
A2: https://edu.vkurse.ru/v2/finished-conference?conferenceSessionId=b1b1b1b1-b1b1-b1b1-1a1a-1a1a1a1a1adc&token=token1 | B2: =SUBSTITUTE(A2,"https://edu.vkurse.ru/v2/finished-conference?conferenceSessionId=","") -> b1b1b1b1-b1b1-b1b1-1a1a-1a1a1a1a1adc&token=token1 | C2: =LEFT(B2,34) -> b1b1b1b1-b1b1-b1b1-1a1a-1a1a1a1a1a | D2: https://edu.vkurse.ru/v2/iva/home/conferences?conferenceSessionOpenMode=PIP&conferenceItemId= | E2: &conferenceItem_conferenceSessionId= | F2: https://edu.vkurse.ru/?forcedV1=true#conference_record: | G2: =CONCATENATE(F2,C2) -> https://edu.vkurse.ru/?forcedV1=true#conference_record:b1b1b1b1-b1b1-b1b1-1a1a-1a1a1a1a1a | H2: =CONCATENATE(D2,C2,E2,C2) -> https://edu.vkurse.ru/v2/iva/home/conferences?conferenceSessionOpenMode=PIP&conferenceItemId=b1b1b1b1-b1b1-b1b1-1a1a-1a1a1a1a1a &conferenceItem_conferenceSessionId=b1b1b1b1-b1b1-b1b1-1a1a-1a1a1a1a1a
A3: https://edu.vkurse.ru/v2/finished-conference?conferenceSessionId=b1b1b1b1-b1b1-b1b1-1a1a-1a1a1a1a1adc&token=token2 | B3: =SUBSTITUTE(A3,"https://edu.vkurse.ru/v2/finished-conference?conferenceSessionId=","") -> b1b1b1b1-b1b1-b1b1-1a1a-1a1a1a1a1adc&token=token2 | C3: =LEFT(B3,34) -> b1b1b1b1-b1b1-b1b1-1a1a-1a1a1a1a1a | D3: https://edu.vkurse.ru/v2/iva/home/conferences?conferenceSessionOpenMode=PIP&conferenceItemId= | E3: &conferenceItem_conferenceSessionId= | F3: https://edu.vkurse.ru/?forcedV1=true#conference_record: | G3: =CONCATENATE(F3,C3) -> https://edu.vkurse.ru/?forcedV1=true#conference_record:b1b1b1b1-b1b1-b1b1-1a1a-1a1a1a1a1a | H3: =CONCATENATE(D3,C3,E3,C3) -> https://edu.vkurse.ru/v2/iva/home/conferences?conferenceSessionOpenMode=PIP&conferenceItemId=b1b1b1b1-b1b1-b1b1-1a1a-1a1a1a1a1a &conferenceItem_conferenceSessionId=b1b1b1b1-b1b1-b1b1-1a1a-1a1a1a1a1a
B4: =SUBSTITUTE(A4,"https://edu.vkurse.ru/#join:","") | D4: https://edu.vkurse.ru/v2/iva/home/conferences?conferenceSessionOpenMode=PIP&conferenceItemId= | E4: &conferenceItem_conferenceSessionId= | F4: https://edu.vkurse.ru/?forcedV1=true#conference_record: | G4: =CONCATENATE(F4,C4) -> https://edu.vkurse.ru/?forcedV1=true#conference_record: | H4: =CONCATENATE(D4,C4,E4,C4) -> https://edu.vkurse.ru/v2/iva/home/conferences?conferenceSessionOpenMode=PIP&conferenceItemId= &conferenceItem_conferenceSessionId=
B5: =SUBSTITUTE(A5,"https://edu.vkurse.ru/#join:","") | D5: https://edu.vkurse.ru/v2/iva/home/conferences?conferenceSessionOpenMode=PIP&conferenceItemId= | E5: &conferenceItem_conferenceSessionId= | F5: https://edu.vkurse.ru/?forcedV1=true#conference_record: | G5: =CONCATENATE(F5,C5) -> https://edu.vkurse.ru/?forcedV1=true#conference_record: | H5: =CONCATENATE(D5,C5,E5,C5) -> https://edu.vkurse.ru/v2/iva/home/conferences?conferenceSessionOpenMode=PIP&conferenceItemId= &conferenceItem_conferenceSessionId=
B6: =SUBSTITUTE(A6,"https://edu.vkurse.ru/#join:","") | D6: https://edu.vkurse.ru/v2/iva/home/conferences?conferenceSessionOpenMode=PIP&conferenceItemId= | E6: &conferenceItem_conferenceSessionId= | F6: https://edu.vkurse.ru/?forcedV1=true#conference_record: | G6: =CONCATENATE(F6,C6) -> https://edu.vkurse.ru/?forcedV1=true#conference_record: | H6: =CONCATENATE(D6,C6,E6,C6) -> https://edu.vkurse.ru/v2/iva/home/conferences?conferenceSessionOpenMode=PIP&conferenceItemId= &conferenceItem_conferenceSessionId=

Sheet token
A1: link moderator | B1: conferencesessionid
A2: https://edu.vkurse.ru/#join:token1 | B2: =SUBSTITUTE(A2,"https://edu.vkurse.ru/#join:","") -> token1
A3: https://edu.vkurse.ru/#join:token2 | B3: =SUBSTITUTE(A3,"https://edu.vkurse.ru/#join:","") -> token2
A4: https://edu.vkurse.ru/#join:token3 | B4: =SUBSTITUTE(A4,"https://edu.vkurse.ru/#join:","") -> token3
A5: https://edu.vkurse.ru/#join:token4 | B5: =SUBSTITUTE(A5,"https://edu.vkurse.ru/#join:","") -> token4
A6: https://edu.vkurse.ru/#join:token5 | B6: =SUBSTITUTE(A6,"https://edu.vkurse.ru/#join:","") -> token5

Sheet data
A1: login | B1: password | C1: chromedriver path | D1: https://chromedriver.storage.googleapis.com/index.html
D2: https://edu.vkurse.ru/v2/login

Sheet links
A1: https://jr.synergy.ru/browse/MCT-15313
A2: https://jr.synergy.ru/browse/MCT-15288
A3: https://jr.synergy.ru/browse/MCT-15306
A4: https://jr.synergy.ru/browse/MCT-15348
A5: https://jr.synergy.ru/browse/MCT-15231
A6: https://jr.synergy.ru/browse/MCT-15231
A7: https://jr.synergy.ru/browse/MCT-15231
A8: https://jr.synergy.ru/browse/MCT-15231
A9: https://jr.synergy.ru/browse/MCT-14791
A10: https://jr.synergy.ru/browse/MCT-14777
A11: https://jr.synergy.ru/browse/MCT-14777
A12: https://jr.synergy.ru/browse/MCT-14775
... A45: https://jr.synergy.ru/browse/MCT-15292

Sheet jr (formula)
A1: =SUBSTITUTE(links!A1,"https://jr.synergy.ru/browse/","") -> MCT-15313
A2: =SUBSTITUTE(links!A2,"https://jr.synergy.ru/browse/","") -> MCT-15288
A3: =SUBSTITUTE(links!A3,"https://jr.synergy.ru/browse/","") -> MCT-15306
A4: =SUBSTITUTE(links!A4,"https://jr.synergy.ru/browse/","") -> MCT-15348
A5: =SUBSTITUTE(links!A5,"https://jr.synergy.ru/browse/","") -> MCT-15231
A6: =SUBSTITUTE(links!A6,"https://jr.synergy.ru/browse/","") -> MCT-15231
A7: =SUBSTITUTE(links!A7,"https://jr.synergy.ru/browse/","") -> MCT-15231
A8: =SUBSTITUTE(links!A8,"https://jr.synergy.ru/browse/","") -> MCT-15231
A9: =SUBSTITUTE(links!A9,"https://jr.synergy.ru/browse/","") -> MCT-14791
A10: =SUBSTITUTE(links!A10,"https://jr.synergy.ru/browse/","") -> MCT-14777
A11: =SUBSTITUTE(links!A11,"https://jr.synergy.ru/browse/","") -> MCT-14777
A12: =SUBSTITUTE(links!A12,"https://jr.synergy.ru/browse/","") -> MCT-14775
... A233: =SUBSTITUTE(links!A233,"https://jr.synergy.ru/browse/","")

Sheet complete
A1: Название вебинара | B1: Дата | C1: Заявка | D1: Спикер | E1: Нач. | F1: Оконч. | G1: Кол-во
A2: =#REF! -> #REF! | B2: =LEFT(#REF!,9) -> #REF! | C2: =#REF! -> #REF! | D2: =TRIM(#REF!) -> #REF! | E2: =RIGHT(#REF!,5) -> #REF! | F2: =RIGHT(#REF!,5) -> #REF! | G2: =TRIM(#REF!) -> #REF!
A3: =#REF! -> #REF! | B3: =LEFT(#REF!,9) -> #REF! | C3: =#REF! -> #REF! | D3: =TRIM(#REF!) -> #REF! | E3: =RIGHT(#REF!,5) -> #REF! | F3: =RIGHT(#REF!,5) -> #REF! | G3: =TRIM(#REF!) -> #REF!
A4: =#REF! -> #REF! | B4: =LEFT(#REF!,9) -> #REF! | C4: =#REF! -> #REF! | D4: =TRIM(#REF!) -> #REF! | E4: =RIGHT(#REF!,5) -> #REF! | F4: =RIGHT(#REF!,5) -> #REF! | G4: =TRIM(#REF!) -> #REF!
A5: =#REF! -> #REF! | B5: =LEFT(#REF!,9) -> #REF! | C5: =#REF! -> #REF! | D5: =TRIM(#REF!) -> #REF! | E5: =RIGHT(#REF!,5) -> #REF! | F5: =RIGHT(#REF!,5) -> #REF! | G5: =TRIM(#REF!) -> #REF!
A6: =#REF! -> #REF! | B6: =LEFT(#REF!,9) -> #REF! | C6: =#REF! -> #REF! | D6: =TRIM(#REF!) -> #REF! | E6: =RIGHT(#REF!,5) -> #REF! | F6: =RIGHT(#REF!,5) -> #REF! | G6: =TRIM(#REF!) -> #REF!
A7: =#REF! -> #REF! | B7: =LEFT(#REF!,9) -> #REF! | C7: =#REF! -> #REF! | D7: =TRIM(#REF!) -> #REF! | E7: =RIGHT(#REF!,5) -> #REF! | F7: =RIGHT(#REF!,5) -> #REF! | G7: =TRIM(#REF!) -> #REF!
A8: =#REF! -> #REF! | B8: =LEFT(#REF!,9) -> #REF! | C8: =#REF! -> #REF! | D8: =TRIM(#REF!) -> #REF! | E8: =RIGHT(#REF!,5) -> #REF! | F8: =RIGHT(#REF!,5) -> #REF! | G8: =TRIM(#REF!) -> #REF!
A9: =#REF! -> #REF! | B9: =LEFT(#REF!,9) -> #REF! | C9: =#REF! -> #REF! | D9: =TRIM(#REF!) -> #REF! | E9: =RIGHT(#REF!,5) -> #REF! | F9: =RIGHT(#REF!,5) -> #REF! | G9: =TRIM(#REF!) -> #REF!
A10: =#REF! -> #REF! | B10: =LEFT(#REF!,9) -> #REF! | C10: =#REF! -> #REF! | D10: =TRIM(#REF!) -> #REF! | E10: =RIGHT(#REF!,5) -> #REF! | F10: =RIGHT(#REF!,5) -> #REF! | G10: =TRIM(#REF!) -> #REF!
A11: =#REF! -> #REF! | B11: =LEFT(#REF!,9) -> #REF! | C11: =#REF! -> #REF! | D11: =TRIM(#REF!) -> #REF! | E11: =RIGHT(#REF!,5) -> #REF! | F11: =RIGHT(#REF!,5) -> #REF! | G11: =TRIM(#REF!) -> #REF!
A12: =#REF! -> #REF! | B12: =LEFT(#REF!,9) -> #REF! | C12: =#REF! -> #REF! | D12: =TRIM(#REF!) -> #REF! | E12: =RIGHT(#REF!,5) -> #REF! | F12: =RIGHT(#REF!,5) -> #REF! | G12: =TRIM(#REF!) -> #REF!
A13: =#REF! -> #REF! | B13: =LEFT(#REF!,9) -> #REF! | C13: =#REF! -> #REF! | D13: =TRIM(#REF!) -> #REF! | E13: =RIGHT(#REF!,5) -> #REF! | F13: =RIGHT(#REF!,5) -> #REF! | G13: =TRIM(#REF!) -> #REF!
... A60: =#REF! -> #REF! | B60: =LEFT(#REF!,9) -> #REF! | C60: =#REF! -> #REF! | D60: =TRIM(#REF!) -> #REF! | E60: =RIGHT(#REF!,5) -> #REF! | F60: =RIGHT(#REF!,5) -> #REF! | G60: =TRIM(#REF!) -> #REF!
